-- === USERS ===
insert into users (id, email, full_name, nickname)
values
  ('00000000-0000-0000-0000-000000000001', 'alice@example.com', 'Alice Platform', 'alice'),
  ('00000000-0000-0000-0000-000000000002', 'bob@example.com', 'Bob Specs', 'bob'),
  ('00000000-0000-0000-0000-000000000003', 'carol@example.com', 'Carol Both', 'carol'),
  ('00000000-0000-0000-0000-000000000004', 'dave@example.com', 'Dave Both', 'dave'),
  ('00000000-0000-0000-0000-000000000005', 'erin@example.com', 'Erin Specs', 'erin'),
  ('00000000-0000-0000-0000-000000000006', 'frank@example.com', 'Frank Specs', 'frank'),
  ('00000000-0000-0000-0000-000000000007', 'grace@example.com', 'Grace Platform', 'grace');

-- === TEAMS ===
insert into teams (id, name, description)
values
  ('10000000-0000-0000-0000-000000000001', 'Platform Team', 'Handles platform releases'),
  ('10000000-0000-0000-0000-000000000002', 'Specs Team', 'Handles configuration releases');

-- === TEAM MEMBERSHIPS ===
-- Platform Team: Alice, Carol, Dave, Grace
insert into team_users (team_id, user_id)
values
  ('10000000-0000-0000-0000-000000000001', '00000000-0000-0000-0000-000000000001'),
  ('10000000-0000-0000-0000-000000000001', '00000000-0000-0000-0000-000000000003'),
  ('10000000-0000-0000-0000-000000000001', '00000000-0000-0000-0000-000000000004'),
  ('10000000-0000-0000-0000-000000000001', '00000000-0000-0000-0000-000000000007');

-- Specs Team: Bob, Carol, Dave, Erin, Frank
insert into team_users (team_id, user_id)
values
  ('10000000-0000-0000-0000-000000000002', '00000000-0000-0000-0000-000000000002'),
  ('10000000-0000-0000-0000-000000000002', '00000000-0000-0000-0000-000000000003'),
  ('10000000-0000-0000-0000-000000000002', '00000000-0000-0000-0000-000000000004'),
  ('10000000-0000-0000-0000-000000000002', '00000000-0000-0000-0000-000000000005'),
  ('10000000-0000-0000-0000-000000000002', '00000000-0000-0000-0000-000000000006');

-- === RELEASES ===
-- 3 past, 5 future, 2 week cadence
insert into releases (id, name, target_date, platform_update, config_update, state)
values
  ('20000000-0000-0000-0000-000000000001', 'Release 1.0', current_date - interval '10 weeks', true, false, 'complete'),
  ('20000000-0000-0000-0000-000000000002', 'Release 1.1', current_date - interval '8 weeks', false, true, 'complete'),
  ('20000000-0000-0000-0000-000000000003', 'Release 1.2', current_date - interval '6 weeks', true, true, 'past_due'),
  ('20000000-0000-0000-0000-000000000004', 'Release 2.0', current_date + interval '0 weeks', true, false, 'pending'),
  ('20000000-0000-0000-0000-000000000005', 'Release 2.1', current_date + interval '2 weeks', false, true, 'pending'),
  ('20000000-0000-0000-0000-000000000006', 'Release 2.2', current_date + interval '4 weeks', true, true, 'pending'),
  ('20000000-0000-0000-0000-000000000007', 'Release 2.3', current_date + interval '6 weeks', false, true, 'pending'),
  ('20000000-0000-0000-0000-000000000008', 'Release 2.4', current_date + interval '8 weeks', true, false, 'pending');

-- === RELEASE TEAMS ===
-- Alternate teams, some releases have both
insert into release_teams (release_id, team_id)
values
  -- Past releases
  ('20000000-0000-0000-0000-000000000001', '10000000-0000-0000-0000-000000000001'),
  ('20000000-0000-0000-0000-000000000002', '10000000-0000-0000-0000-000000000002'),
  ('20000000-0000-0000-0000-000000000003', '10000000-0000-0000-0000-000000000001'),
  ('20000000-0000-0000-0000-000000000003', '10000000-0000-0000-0000-000000000002'),
  -- Future releases
  ('20000000-0000-0000-0000-000000000004', '10000000-0000-0000-0000-000000000001'),
  ('20000000-0000-0000-0000-000000000005', '10000000-0000-0000-0000-000000000002'),
  ('20000000-0000-0000-0000-000000000006', '10000000-0000-0000-0000-000000000001'),
  ('20000000-0000-0000-0000-000000000006', '10000000-0000-0000-0000-000000000002'),
  ('20000000-0000-0000-0000-000000000007', '10000000-0000-0000-0000-000000000002'),
  ('20000000-0000-0000-0000-000000000008', '10000000-0000-0000-0000-000000000001');

-- === FEATURES ===
-- 3-5 features per release, DRI rotates among users
insert into features (id, release_id, name, jira_ticket, description, dri_user_id, is_platform, is_ready)
values
  -- Release 1.0
  ('30000000-0000-0000-0000-000000000001', '20000000-0000-0000-0000-000000000001', 'Login page', 'JIRA-101', 'Implement login UI', '00000000-0000-0000-0000-000000000001', true, true),
  ('30000000-0000-0000-0000-000000000002', '20000000-0000-0000-0000-000000000001', 'API Gateway', 'JIRA-102', 'Setup API gateway', '00000000-0000-0000-0000-000000000003', true, true),
  ('30000000-0000-0000-0000-000000000003', '20000000-0000-0000-0000-000000000001', 'User DB', 'JIRA-103', 'Create user database', '00000000-0000-0000-0000-000000000004', false, true),

  -- Release 1.1
  ('30000000-0000-0000-0000-000000000004', '20000000-0000-0000-0000-000000000002', 'Specs loader', 'JIRA-104', 'Load config from S3', '00000000-0000-0000-0000-000000000002', false, true),
  ('30000000-0000-0000-0000-000000000005', '20000000-0000-0000-0000-000000000002', 'Specs UI', 'JIRA-105', 'UI for config', '00000000-0000-0000-0000-000000000005', false, true),
  ('30000000-0000-0000-0000-000000000006', '20000000-0000-0000-0000-000000000002', 'Specs audit', 'JIRA-106', 'Audit config changes', '00000000-0000-0000-0000-000000000003', false, true),

  -- Release 1.2
  ('30000000-0000-0000-0000-000000000007', '20000000-0000-0000-0000-000000000003', 'Platform migration', 'JIRA-107', 'Migrate to new platform', '00000000-0000-0000-0000-000000000001', true, false),
  ('30000000-0000-0000-0000-000000000008', '20000000-0000-0000-0000-000000000003', 'Specs sync', 'JIRA-108', 'Sync config', '00000000-0000-0000-0000-000000000002', false, false),
  ('30000000-0000-0000-0000-000000000009', '20000000-0000-0000-0000-000000000003', 'User import', 'JIRA-109', 'Import users', '00000000-0000-0000-0000-000000000003', false, false),
  ('30000000-0000-0000-0000-000000000010', '20000000-0000-0000-0000-000000000003', 'Audit logs', 'JIRA-110', 'Log audits', '00000000-0000-0000-0000-000000000004', false, false),

  -- Release 2.0
  ('30000000-0000-0000-0000-000000000011', '20000000-0000-0000-0000-000000000004', 'New dashboard', 'JIRA-111', 'Dashboard UI', '00000000-0000-0000-0000-000000000001', true, false),
  ('30000000-0000-0000-0000-000000000012', '20000000-0000-0000-0000-000000000004', 'API v2', 'JIRA-112', 'Second version API', '00000000-0000-0000-0000-000000000003', true, false),
  ('30000000-0000-0000-0000-000000000013', '20000000-0000-0000-0000-000000000004', 'User settings', 'JIRA-113', 'Settings page', '00000000-0000-0000-0000-000000000004', false, false),

  -- Release 2.1
  ('30000000-0000-0000-0000-000000000014', '20000000-0000-0000-0000-000000000005', 'Specs backup', 'JIRA-114', 'Backup configs', '00000000-0000-0000-0000-000000000002', false, false),
  ('30000000-0000-0000-0000-000000000015', '20000000-0000-0000-0000-000000000005', 'Specs restore', 'JIRA-115', 'Restore configs', '00000000-0000-0000-0000-000000000005', false, false),
  ('30000000-0000-0000-0000-000000000016', '20000000-0000-0000-0000-000000000005', 'Specs docs', 'JIRA-116', 'Docs for config', '00000000-0000-0000-0000-000000000003', false, false),

  -- Release 2.2
  ('30000000-0000-0000-0000-000000000017', '20000000-0000-0000-0000-000000000006', 'Platform upgrade', 'JIRA-117', 'Upgrade platform', '00000000-0000-0000-0000-000000000001', true, false),
  ('30000000-0000-0000-0000-000000000018', '20000000-0000-0000-0000-000000000006', 'Specs monitor', 'JIRA-118', 'Monitor configs', '00000000-0000-0000-0000-000000000002', false, false),
  ('30000000-0000-0000-0000-000000000019', '20000000-0000-0000-0000-000000000006', 'User onboarding', 'JIRA-119', 'Onboarding flow', '00000000-0000-0000-0000-000000000003', false, false),
  ('30000000-0000-0000-0000-000000000020', '20000000-0000-0000-0000-000000000006', 'Audit export', 'JIRA-120', 'Export audits', '00000000-0000-0000-0000-000000000004', false, false),

  -- Release 2.3
  ('30000000-0000-0000-0000-000000000021', '20000000-0000-0000-0000-000000000007', 'Specs validation', 'JIRA-121', 'Validate configs', '00000000-0000-0000-0000-000000000002', false, false),
  ('30000000-0000-0000-0000-000000000022', '20000000-0000-0000-0000-000000000007', 'Specs alerting', 'JIRA-122', 'Alert on config issues', '00000000-0000-0000-0000-000000000005', false, false),
  ('30000000-0000-0000-0000-000000000023', '20000000-0000-0000-0000-000000000007', 'Specs history', 'JIRA-123', 'History of configs', '00000000-0000-0000-0000-000000000003', false, false),

  -- Release 2.4
  ('30000000-0000-0000-0000-000000000024', '20000000-0000-0000-0000-000000000008', 'Platform docs', 'JIRA-124', 'Docs for platform', '00000000-0000-0000-0000-000000000001', true, false),
  ('30000000-0000-0000-0000-000000000025', '20000000-0000-0000-0000-000000000008', 'Platform test', 'JIRA-125', 'Test platform', '00000000-0000-0000-0000-000000000003', true, false),
  ('30000000-0000-0000-0000-000000000026', '20000000-0000-0000-0000-000000000008', 'Platform deploy', 'JIRA-126', 'Deploy platform', '00000000-0000-0000-0000-000000000004', true, false);

-- (You can add user_release_state rows as needed for readiness tracking)
